file,url,licence,exporting_tool,sha256,archive_member,repository,repository_revision,licence_url,domain,attribution
models/Framework-Laptop-13__Framework Laptop 13 CAD.stp,https://raw.githubusercontent.com/FrameworkComputer/Framework-Laptop-13/9680262347b80efe2314673bf1f26eb955165fca/Framework%20Laptop%2013%20CAD.stp,CC-BY-4.0,"CREO PARAMETRIC BY PTC INC, 2022484",19778e9a7c8f229451922b42717647c7cf9f4a7ef05a09a36c368d4480127f31,,FrameworkComputer/Framework-Laptop-13,9680262347b80efe2314673bf1f26eb955165fca,https://github.com/FrameworkComputer/Framework-Laptop-13/blob/9680262347b80efe2314673bf1f26eb955165fca/LICENSE,laptop/enclosure/hardware,Framework Computer
models/Framework-Laptop-13__13_5_hinge_R_assy.stp,https://raw.githubusercontent.com/FrameworkComputer/Framework-Laptop-13/9680262347b80efe2314673bf1f26eb955165fca/Hinges/13_5_hinge_R_assy.stp,CC-BY-4.0,"CREO PARAMETRIC BY PTC INC, 2022014",be1fbe624389687ff992bed8693baedf2a7b29c0bcde167a7c2642678ae426fe,,FrameworkComputer/Framework-Laptop-13,9680262347b80efe2314673bf1f26eb955165fca,https://github.com/FrameworkComputer/Framework-Laptop-13/blob/9680262347b80efe2314673bf1f26eb955165fca/LICENSE,laptop/enclosure/hardware,Framework Computer
models/Framework-Laptop-13__FWKNAQ9_G01_20210911.stp,https://raw.githubusercontent.com/FrameworkComputer/Framework-Laptop-13/9680262347b80efe2314673bf1f26eb955165fca/Battery/FWKNAQ9_G01_20210911.stp,CC-BY-4.0,"CREO PARAMETRIC BY PTC INC, 2018260",1c8ae3b3026c64a1473c2c2662f0746a3734c47cd318c80a08695ccbb065f1c9,,FrameworkComputer/Framework-Laptop-13,9680262347b80efe2314673bf1f26eb955165fca,https://github.com/FrameworkComputer/Framework-Laptop-13/blob/9680262347b80efe2314673bf1f26eb955165fca/LICENSE,laptop/enclosure/hardware,Framework Computer
models/Framework-Laptop-13__FW_13_camera_module.stp,https://raw.githubusercontent.com/FrameworkComputer/Framework-Laptop-13/9680262347b80efe2314673bf1f26eb955165fca/Webcam/FW_13_camera_module.stp,CC-BY-4.0,"CREO PARAMETRIC BY PTC INC, 2024103",c8be514e8f313a9d89a9c66d7ab9ffd854e7cd7c7ce1b82f22bd9d8616ea4d8c,,FrameworkComputer/Framework-Laptop-13,9680262347b80efe2314673bf1f26eb955165fca,https://github.com/FrameworkComputer/Framework-Laptop-13/blob/9680262347b80efe2314673bf1f26eb955165fca/LICENSE,laptop/enclosure/hardware,Framework Computer
models/Framework-Laptop-13__printable_case_full.stp,https://raw.githubusercontent.com/FrameworkComputer/Framework-Laptop-13/9680262347b80efe2314673bf1f26eb955165fca/Mainboard/Printable%20Case/printable_case_full.stp,CC-BY-4.0,"CREO PARAMETRIC BY PTC INC, 2022014",5b2a62f7a61d026548a2581c44e2f52adf5792c2d7d00796d73b4ee5aadbb1c8,,FrameworkComputer/Framework-Laptop-13,9680262347b80efe2314673bf1f26eb955165fca,https://github.com/FrameworkComputer/Framework-Laptop-13/blob/9680262347b80efe2314673bf1f26eb955165fca/LICENSE,laptop/enclosure/hardware,Framework Computer
models/ExpansionCards__ExpansionCard_SelfTapping.stp,https://raw.githubusercontent.com/FrameworkComputer/ExpansionCards/2904a95d60d4ba771c5c3c56d6fdba7078243fe8/Mechanical/Printable/3D/ExpansionCard_SelfTapping.stp,CC-BY-4.0,"CREO PARAMETRIC BY PTC INC, 2018020",4d44d4fb5606a535271b522be98c48eeee4d1d05a6db9670a6ef7ca95606c3f2,,FrameworkComputer/ExpansionCards,2904a95d60d4ba771c5c3c56d6fdba7078243fe8,https://github.com/FrameworkComputer/ExpansionCards/blob/2904a95d60d4ba771c5c3c56d6fdba7078243fe8/LICENSE,electronics enclosure,Framework Computer
models/jubilee__jubilee.STEP,https://raw.githubusercontent.com/machineagency/jubilee/c877bd2e889560c83da2a68479641a4f7f0d9b83/frame/cads/STEP/jubilee.STEP,CC-BY-4.0,SolidWorks 2019,533417712183775a544802ae29a6f94d50ef0839bc2f24f68bce7a048798afea,,machineagency/jubilee,c877bd2e889560c83da2a68479641a4f7f0d9b83,https://github.com/machineagency/jubilee/blob/c877bd2e889560c83da2a68479641a4f7f0d9b83/license.txt,printer/tool/jig,Joshua Vasquez / Machine Agency
models/jubilee__6x_well_plate_bed_assembly.STEP,https://raw.githubusercontent.com/machineagency/jubilee/c877bd2e889560c83da2a68479641a4f7f0d9b83/bed_plates/6x_well_plate_bed/cads/STEP/6x_well_plate_bed_assembly.STEP,CC-BY-4.0,SolidWorks 2019,8e7c9171850a0441e032a09adf7f4e22755874970e4a3bb7c3a4c41c4bef2d42,,machineagency/jubilee,c877bd2e889560c83da2a68479641a4f7f0d9b83,https://github.com/machineagency/jubilee/blob/c877bd2e889560c83da2a68479641a4f7f0d9b83/license.txt,printer/tool/jig,Joshua Vasquez / Machine Agency
models/jubilee__left_double_pulley_corner_bracket_assembly.STEP,https://raw.githubusercontent.com/machineagency/jubilee/c877bd2e889560c83da2a68479641a4f7f0d9b83/frame/upgrades/aluminum_corner_plates/cads/STEP/left_double_pulley_corner_bracket_assembly.STEP,CC-BY-4.0,SolidWorks 2019,43e3dacb1b9e7cb3873f925080147608debb7888b8e8c0f9b9f8dc9414d5af7f,,machineagency/jubilee,c877bd2e889560c83da2a68479641a4f7f0d9b83,https://github.com/machineagency/jubilee/blob/c877bd2e889560c83da2a68479641a4f7f0d9b83/license.txt,printer/tool/jig,Joshua Vasquez / Machine Agency
models/jubilee__tool_template_assembly.STEP,https://raw.githubusercontent.com/machineagency/jubilee/c877bd2e889560c83da2a68479641a4f7f0d9b83/tools/jubilee_tools/tool_template/cads/STEP/tool_template_assembly.STEP,CC-BY-4.0,SolidWorks 2019,eb3cbe4bfafaf683a9089010515bf6f288e9b4ae86f9df35ee813ad893b92739,,machineagency/jubilee,c877bd2e889560c83da2a68479641a4f7f0d9b83,https://github.com/machineagency/jubilee/blob/c877bd2e889560c83da2a68479641a4f7f0d9b83/license.txt,printer/tool/jig,Joshua Vasquez / Machine Agency
models/jubilee__passive_pen_tool_assembly.STEP,https://raw.githubusercontent.com/machineagency/jubilee/c877bd2e889560c83da2a68479641a4f7f0d9b83/tools/jubilee_tools/tools/passive_pen_tool/cads/STEP/passive_pen_tool_assembly.STEP,CC-BY-4.0,SolidWorks 2019,4d233cae83ac8bc298b40655399c1ba8e8922da895ad6e586439d6b9dd4abfde,,machineagency/jubilee,c877bd2e889560c83da2a68479641a4f7f0d9b83,https://github.com/machineagency/jubilee/blob/c877bd2e889560c83da2a68479641a4f7f0d9b83/license.txt,printer/tool/jig,Joshua Vasquez / Machine Agency
models/jubilee__bondtech_groovemount_extruder.STEP,https://raw.githubusercontent.com/machineagency/jubilee/c877bd2e889560c83da2a68479641a4f7f0d9b83/tools/jubilee_tools/tools/extruders/direct_drive_bondtech_groovemount_extruder/cads/STEP/bondtech_groovemount_extruder.STEP,CC-BY-4.0,SolidWorks 2019,c14c748eb54dcc20979a753bf697b2fcff7a0a8e04042ffd7d48d4c0055e5646,,machineagency/jubilee,c877bd2e889560c83da2a68479641a4f7f0d9b83,https://github.com/machineagency/jubilee/blob/c877bd2e889560c83da2a68479641a4f7f0d9b83/license.txt,printer/tool/jig,Joshua Vasquez / Machine Agency
models/jubilee__ooze_wiper_assembly.STEP,https://raw.githubusercontent.com/machineagency/jubilee/c877bd2e889560c83da2a68479641a4f7f0d9b83/tools/jubilee_tools/tools/extruders/direct_drive_bondtech_groovemount_extruder/cads/STEP/ooze_wiper_assembly.STEP,CC-BY-4.0,SolidWorks 2019,ae282d97667148603e238ec15a5c8fdb6fe2cdbb3af5e271ce18fb6d02cce0bf,,machineagency/jubilee,c877bd2e889560c83da2a68479641a4f7f0d9b83,https://github.com/machineagency/jubilee/blob/c877bd2e889560c83da2a68479641a4f7f0d9b83/license.txt,printer/tool/jig,Joshua Vasquez / Machine Agency
models/jubilee__camera_calibration_tool_jan_31_2020.STEP,https://raw.githubusercontent.com/machineagency/jubilee/c877bd2e889560c83da2a68479641a4f7f0d9b83/tools/machine_tuning_tools/camera_calibration_tool/cads/STEP/camera_calibration_tool_jan_31_2020.STEP,CC-BY-4.0,SolidWorks 2019,f67456ea7079952cab81c90445bbd8acb4d192e69ae82cd20979abccb1c96965,,machineagency/jubilee,c877bd2e889560c83da2a68479641a4f7f0d9b83,https://github.com/machineagency/jubilee/blob/c877bd2e889560c83da2a68479641a4f7f0d9b83/license.txt,printer/tool/jig,Joshua Vasquez / Machine Agency
models/open_robot_actuator_hardware__biped_6dof_v1.STEP,https://raw.githubusercontent.com/open-dynamic-robot-initiative/open_robot_actuator_hardware/66af1522b4fba0ec4a1d7790e66f5e4652208d30/mechanics/biped_6dof_v1/cad_files/STEP/biped_6dof_v1.STEP,BSD-3-Clause,SolidWorks 2020,b5018637f72dce223c2b4dccebe5d01c362c455ec6c7bd1ff14ffcce854643fa,,open-dynamic-robot-initiative/open_robot_actuator_hardware,66af1522b4fba0ec4a1d7790e66f5e4652208d30,https://github.com/open-dynamic-robot-initiative/open_robot_actuator_hardware/blob/66af1522b4fba0ec4a1d7790e66f5e4652208d30/LICENSE,robot,Open Dynamic Robot Initiative
models/kicadStepUpMod__demo.step,https://raw.githubusercontent.com/easyw/kicadStepUpMod/3db98be23aae40413eab041f19de5ab2e168157e/demo/demo.step,AGPL-3.0,FreeCAD Model,61967820ddd9388f5e411fd7bf27f30e0f152500c24d3df8edbc8c507a66cd5b,,easyw/kicadStepUpMod,3db98be23aae40413eab041f19de5ab2e168157e,https://github.com/easyw/kicadStepUpMod/blob/3db98be23aae40413eab041f19de5ab2e168157e/README.md,KiCad board with components,Maurice / kicadStepUp contributors
models/FreeCAD-library__Adirondack Chair.step,https://raw.githubusercontent.com/FreeCAD/FreeCAD-library/544a254e090eaf7bfbb6a9b69e249dc0d3d29d67/Industrial%20Design/Chairs/Adirondack%20Chair.step,CC-BY-3.0,FreeCAD Model,fb630b8001b2a622e80e564baa35706f7aa5138de90d28e83e50fb39de5de8c2,,FreeCAD/FreeCAD-library,544a254e090eaf7bfbb6a9b69e249dc0d3d29d67,https://github.com/FreeCAD/FreeCAD-library/blob/544a254e090eaf7bfbb6a9b69e249dc0d3d29d67/README.md,furniture/hardware/gearmotor,mhtondin
models/FreeCAD-library__wooden folding chair.step,https://raw.githubusercontent.com/FreeCAD/FreeCAD-library/544a254e090eaf7bfbb6a9b69e249dc0d3d29d67/Industrial%20Design/Chairs/wooden%20folding%20chair.step,CC-BY-3.0,FreeCAD Model,15008f61ca1c054265ed097e76f666e05e25b60ff934ece30aa6e6e8b43ce181,,FreeCAD/FreeCAD-library,544a254e090eaf7bfbb6a9b69e249dc0d3d29d67,https://github.com/FreeCAD/FreeCAD-library/blob/544a254e090eaf7bfbb6a9b69e249dc0d3d29d67/README.md,furniture/hardware/gearmotor,mhtondin
models/FreeCAD-library__Wooden Folding Table.step,https://raw.githubusercontent.com/FreeCAD/FreeCAD-library/544a254e090eaf7bfbb6a9b69e249dc0d3d29d67/Industrial%20Design/Tables/Wooden%20Folding%20Table.step,CC-BY-3.0,FreeCAD Model,24f2acbdf7778dc58db39f5bffd0f0086b00b01e3292efe87ecd0150ea975f54,,FreeCAD/FreeCAD-library,544a254e090eaf7bfbb6a9b69e249dc0d3d29d67,https://github.com/FreeCAD/FreeCAD-library/blob/544a254e090eaf7bfbb6a9b69e249dc0d3d29d67/README.md,furniture/hardware/gearmotor,mhtondin
models/FreeCAD-library__Double glass doors with handles and transom.step,https://raw.githubusercontent.com/FreeCAD/FreeCAD-library/544a254e090eaf7bfbb6a9b69e249dc0d3d29d67/Architectural%20Parts/Doors/Glass/Double%20glass%20doors%20with%20handles%20and%20transom.step,CC-BY-3.0,FreeCAD Model,fc6bee047fb7e4c401a5cd2ff7c5a077687948b21f3e319c397df39464d641e6,,FreeCAD/FreeCAD-library,544a254e090eaf7bfbb6a9b69e249dc0d3d29d67,https://github.com/FreeCAD/FreeCAD-library/blob/544a254e090eaf7bfbb6a9b69e249dc0d3d29d67/README.md,furniture/hardware/gearmotor,Yorik van Havre
models/FreeCAD-library__Yellow_gearmotor_L.step,https://raw.githubusercontent.com/FreeCAD/FreeCAD-library/544a254e090eaf7bfbb6a9b69e249dc0d3d29d67/Electronics%20Parts/Motors/DC%20motor/Yellow_gearmotor/L_shape/Yellow_gearmotor_L.step,CC-BY-3.0,FreeCAD Model,fe7343ace714992975bc9c34d6944295a9d80f0cf627771c5ce108a13d54360c,,FreeCAD/FreeCAD-library,544a254e090eaf7bfbb6a9b69e249dc0d3d29d67,https://github.com/FreeCAD/FreeCAD-library/blob/544a254e090eaf7bfbb6a9b69e249dc0d3d29d67/README.md,furniture/hardware/gearmotor,hasecilu
models/FreeCAD-library__ComputerDesk (100 x 50 x 75 cm WDH).step,https://raw.githubusercontent.com/FreeCAD/FreeCAD-library/544a254e090eaf7bfbb6a9b69e249dc0d3d29d67/Industrial%20Design/Tables/ComputerDesk%20%28100%20x%2050%20x%2075%20cm%20WDH%29.step,CC-BY-3.0,FreeCAD Model,9c8d7c728ea579b686234e41b37e89078a2df8fcf52fd014e8b754179298bda8,,FreeCAD/FreeCAD-library,544a254e090eaf7bfbb6a9b69e249dc0d3d29d67,https://github.com/FreeCAD/FreeCAD-library/blob/544a254e090eaf7bfbb6a9b69e249dc0d3d29d67/README.md,furniture/hardware/gearmotor,RaduBorzea
models/openarm_hardware__OpenArm_2.0.STEP,https://github.com/enactic/openarm_hardware/releases/download/2.0.0/openarm-hardware-2.0.0.tar.gz,CERN-OHL-S-2.0,SolidWorks 2025,0f97a5fb308d5b09353aa67bbd32d7c08e55dc5629bcbe20c12f71c82ef13c94,openarm-hardware-2.0.0/OpenArm 2.0/OpenArm_2.0.STEP,enactic/openarm_hardware,release:2.0.0,https://github.com/enactic/openarm_hardware/blob/eefc9fa5509562e5e4d630db9a52027afdbc6af1/LICENSE.txt,robot/jig,Enactic
models/openarm_hardware__OpenArmJIG.STEP,https://github.com/enactic/openarm_hardware/releases/download/2.0.0/openarm-hardware-2.0.0.tar.gz,CERN-OHL-S-2.0,SolidWorks 2025,13a19057c70ee72460786fa243b75d0e0600d859624f2963350befeda5f91276,openarm-hardware-2.0.0/OpenArm Cell/JIG/OpenArmJIG.STEP,enactic/openarm_hardware,release:2.0.0,https://github.com/enactic/openarm_hardware/blob/eefc9fa5509562e5e4d630db9a52027afdbc6af1/LICENSE.txt,robot/jig,Enactic
models/openarm_hardware__OpenArm_Cell+OpenArm_2.0.STEP,https://github.com/enactic/openarm_hardware/releases/download/2.0.0/openarm-hardware-2.0.0.tar.gz,CERN-OHL-S-2.0,SolidWorks 2025,cd0ee9b9d029cb23d2e48f80662bac18092f60c4b62a61b4eeef6155567f4b21,openarm-hardware-2.0.0/OpenArm Cell/Integration with OpenArm/OpenArm_Cell+OpenArm_2.0.STEP,enactic/openarm_hardware,release:2.0.0,https://github.com/enactic/openarm_hardware/blob/eefc9fa5509562e5e4d630db9a52027afdbc6af1/LICENSE.txt,robot/jig,Enactic
models/Positron__PositronV3.2.2_2026-01-26.step,https://raw.githubusercontent.com/Positron3D/Positron/75ac17a07e02694e1fc80a3a256ede64cca90e6d/Printed%20Parts%20%26%20CAD%20Models/CAD%20Files/PositronV3.2.2_2026-01-26.step.zip,CC-BY-SA-4.0,Autodesk Translation Framework v14.21.0.0,d2c8f5adc12afcf0eef39a784b06c89fc31757c014db23e4a3f2bb290d5d0696,PositronV3.2.2_2026-01-26.step,Positron3D/Positron,75ac17a07e02694e1fc80a3a256ede64cca90e6d,https://github.com/Positron3D/Positron/blob/75ac17a07e02694e1fc80a3a256ede64cca90e6d/README.md,folding printer,Positron 3D Team
models/ned2__ADAPTATIVE_GRIPPER_NED2_STEP.STEP,https://raw.githubusercontent.com/NiryoRobotics/ned2/2814a5c9141b3e013b67bf1c2f165dc006a5aa28/ADAPTATIVE_GRIPPER_NED2_STEP.STEP,CC0-1.0,SolidWorks 2020,f347513ca5b75dcab0d4cc1a50c81259f6fed6965b40d6d9f14da1e634f8d0f8,,NiryoRobotics/ned2,2814a5c9141b3e013b67bf1c2f165dc006a5aa28,https://github.com/NiryoRobotics/ned2/blob/2814a5c9141b3e013b67bf1c2f165dc006a5aa28/LICENSE,robot gripper,Niryo Robotics
